Symbol,ETF Name,Asset Class,Total Assets ,YTD Price Change,Avg. Daily Volume,Previous Closing Price,1-Day Change,Inverse,Leveraged,1 Week,1 Month,1 Year,3 Year,5 Year,YTD FF,1 Week FF,4 Week FF,1 Year FF,3 Year FF,5 Year FF,ETF Database Category,Inception,ER,Commission Free,Annual Dividend Rate,Dividend Date,Dividend,Annual Dividend Yield %,P/E Ratio,Beta,# of Holdings,% In Top 10,ST Cap Gain Rate,LT Cap Gain Rate,Tax Form,Lower Bollinger,Upper Bollinger,Support 1,Resistance 1,RSI,Liquidity Rating,Expenses Rating,Returns Rating,Volatility Rating,Dividend Rating,Concentration Rating,ESG Score,ESG Score Peer Percentile (%),ESG Score Global Percentile (%),Carbon Intensity (Tons of CO2e / $M Sales),SRI Exclusion Criteria (%),Sustainable Impact Solutions (%)
SPY,SPDR S&P 500 ETF Trust,Equity,"$412,861,000,000",18.65%,"74,278,296",$450.36,0.86%,No,False,1.24%,1.06%,15.99%,12.14%,11.00%,"-$2,664,338,688.90","$1,478,111,269.50","-$1,767,389,924.15","$12,071,858,723.80","$17,083,786,560.25","$5,370,948,052.65",Large Cap Growth Equities,1993-01-22,0.09%,N/A,$6.52,2023-06-16,$1.64,1.46%,17.86,1.00,1000,39.49%,40%,20%,1099,$434.75,$454.26,$448.36,$451.72,55.70,A+,A-,B,B+,A-,A-,6.59,43.64%,55.91%,116.59,9.66%,6.58%
XLK,Technology Select Sector SPDR Fund,Equity,"$49,604,100,000",38.98%,"6,280,198",$172.21,0.73%,No,False,-0.13%,3.18%,31.24%,16.10%,19.39%,"-$1,898,538,806.75","-$213,891,544.15","$124,568,440.40","-$1,279,030,172.85","-$816,186,896.05","-$733,344,450.80",Technology Equities,1998-12-16,0.10%,N/A,$1.36,2023-06-20,$0.36,0.79%,23.77,1.14,67,69.20%,40%,20%,1099,$164.58,$177.97,$171.22,$172.92,51.12,A+,A,A-,A-,A,B+,7.51,90.23%,88.14%,21.78,0.21%,10.45%
XLV,Health Care Select Sector SPDR Fund,Equity,"$39,491,300,000",-1.14%,"9,253,533",$133.24,0.32%,No,False,0.89%,-1.79%,6.53%,10.09%,9.18%,"-$1,458,949,745.65","-$495,322,466.35","-$420,556,909.35","-$96,291,755.25","$9,957,257,877.00","$12,468,979,463.80",Health & Biotech Equities,1998-12-16,0.10%,N/A,$2.09,2023-06-20,$0.54,1.58%,16.67,0.70,66,55.05%,40%,20%,1099,$131.63,$134.86,$132.84,$133.65,50.33,A,A,C+,A,A,B+,7.01,76.86%,72.26%,12.82,0.00%,13.59%
XLE,Energy Select Sector SPDR Fund,Equity,"$39,200,400,000",8.79%,"18,692,536",$93.36,1.17%,No,False,2.40%,3.85%,18.14%,48.57%,10.22%,"-$2,970,954,890.95","$9,505,935.65","-$519,648,562.75","-$2,440,082,598.10","$4,825,683,451.35","$4,884,676,101.90",Energy Equities,1998-12-16,0.10%,N/A,$3.21,2023-06-20,$0.71,3.48%,8.87,1.36,25,73.76%,40%,20%,1099,$85.68,$93.79,$92.99,$93.71,66.89,A+,A,B,A,A-,B,6.36,25.26%,48.00%,369.59,0.00%,0.57%
XLF,Financial Select Sector SPDR Fund,Equity,"$33,080,600,000",3.33%,"38,615,536",$35.01,0.92%,No,False,2.28%,0.26%,7.51%,14.52%,6.75%,"$1,515,460,325.55","$47,006,988.45","-$972,539,717.55","-$43,877,790.60","$7,967,816,817.85","-$1,985,373,382.95",Financials Equities,1998-12-16,0.10%,N/A,$0.69,2023-06-20,$0.15,1.98%,12.51,1.07,74,55.86%,40%,20%,1099,$33.63,$34.94,$34.82,$35.13,58.82,A+,A,A-,B+,B-,B+,5.95,46.25%,38.62%,36.5,12.96%,0.17%
BIL,SPDR Bloomberg 1-3 Month T-Bill ETF,Bond,"$30,158,500,000",3.34%,"6,378,349",$91.62,0.03%,No,False,0.09%,0.47%,4.34%,1.54%,1.53%,"$3,614,479,916.60","$485,133,705.00","$1,739,776,623.50","$9,588,860,003.80","$15,902,379,466.65","$26,545,088,381.10",Government Bonds,2007-05-25,0.14%,N/A,$3.75,2023-09-01,$0.40,4.10%,0.00,-0.05,19,72.88%,40%,20%,1099,$91.21,$91.66,$91.62,$91.63,98.43,A,B-,A,A,B,C+,5.72,20.37%,33.97%,1.6,0.00%,0.00%
DIA,SPDR Dow Jones Industrial Average ETF Trust,Equity,"$29,363,300,000",6.93%,"3,137,684",$349.94,0.98%,No,False,1.23%,-0.72%,14.39%,10.11%,8.12%,"-$1,342,718,832.30","-$242,433,024.65","-$308,045,724.65","-$755,150,635.90","$1,310,077,895.40","$457,455,551.50",Large Cap Growth Equities,1998-01-14,0.16%,N/A,$6.59,2023-08-18,$0.51,1.90%,16.82,0.94,31,56.51%,40%,20%,1099,$342.11,$350.42,$348.24,$351.14,55.08,A,B+,C,A,A,C,7.23,93.04%,80.41%,31.04,8.02%,5.71%
SDY,SPDR S&P Dividend ETF,Equity,"$21,107,800,000",-1.66%,"396,847",$121.51,1.11%,No,False,1.06%,-2.09%,1.40%,11.78%,6.99%,"-$1,560,040,331.70","-$60,130,726.55","-$217,872,528.70","-$555,626,712.00","$1,777,190,083.05","$1,689,768,676.40",All Cap Equities,2005-11-08,0.35%,N/A,$3.19,2023-06-16,$0.81,2.65%,16.29,0.86,123,22.22%,40%,20%,1099,$119.54,$122.75,$121.02,$121.79,47.84,A,B+,B,A,A,C+,6.63,38.70%,58.04%,228.51,4.79%,6.29%
SPLG,SPDR Portfolio S&P 500 ETF,Equity,"$20,051,500,000",18.71%,"3,129,786",$52.98,0.88%,No,False,1.26%,1.15%,16.10%,12.22%,11.12%,"$2,769,068,233.05","$36,699,863.05","$266,862,240.05","$3,721,632,170.40","$10,626,506,631.75","$14,805,802,442.10",Large Cap Blend Equities,2005-11-08,0.02%,N/A,$0.79,2023-06-20,$0.20,1.50%,17.86,1.00,1000,39.35%,40%,20%,1099,$51.13,$53.43,$52.74,$53.13,55.71,A,A+,A-,B,B-,N/A,6.59,45.10%,56.07%,116.31,9.58%,6.53%
SPYG,SPDR Portfolio S&P 500 Growth ETF,Equity,"$19,218,600,000",23.59%,"1,521,341",$62.22,0.70%,No,False,1.02%,2.13%,13.50%,8.95%,11.59%,"$2,451,608,962.00","$105,049,686.40","$870,637,385.55","$3,850,503,856.25","$7,638,220,837.85","$11,250,795,884.90",Large Cap Growth Equities,2000-09-25,0.04%,N/A,$0.64,2023-06-20,$0.19,1.03%,19.67,1.05,235,46.00%,40%,20%,1099,$59.86,$63.12,$61.95,$62.41,55.99,A,A,A-,C+,B,B+,6.76,68.90%,62.50%,69.74,4.51%,7.80%
MDY,SPDR S&P Midcap 400 ETF Trust,Equity,"$19,137,900,000",7.91%,"778,834",$475.03,1.32%,No,False,0.75%,-2.28%,8.46%,13.30%,6.40%,"-$241,579,772.18","$329,921,625.00","$173,663,700.00","$495,227,233.63","-$534,716,066.99","-$5,075,476,154.76",Small Cap Growth Equities,1995-05-04,0.23%,N/A,$6.20,2023-06-16,$1.51,1.32%,13.46,1.12,402,6.40%,40%,20%,1099,$464.54,$485.30,$472.68,$476.36,47.74,A,B+,C,B,A-,B,6.01,62.09%,39.77%,148.6,4.46%,7.47%
XLY,Consumer Discretionary Select Sector SPDR Fund,Equity,"$18,802,200,000",36.00%,"4,672,070",$174.78,0.98%,No,False,3.57%,2.98%,10.29%,7.01%,9.41%,"$1,919,785,210.85","$613,325,980.70","$1,054,923,748.95","$1,323,608,373.75","$950,544,521.75","-$1,903,715,515.30",Consumer Discretionary Equities,1998-12-16,0.10%,N/A,$1.46,2023-06-20,$0.33,0.84%,24.20,1.18,53,73.47%,40%,20%,1099,$161.03,$174.94,$173.34,$175.73,60.39,A+,A,A,B,A-,B+,5.82,36.02%,36.49%,64.28,25.41%,0.77%
XLP,Consumer Staples Select Sector SPDR Fund,Equity,"$16,830,200,000",-1.39%,"11,296,536",$72.65,1.02%,No,False,1.45%,-2.87%,3.85%,6.66%,8.62%,"$219,831,536.95","$128,811,612.50","-$460,033,361.70","$508,137,313.45","$1,725,708,002.90","$4,670,201,993.15",Consumer Staples Equities,1998-12-16,0.10%,N/A,$1.87,2023-06-20,$0.53,2.59%,19.94,0.58,39,67.57%,40%,20%,1099,$71.34,$73.32,$72.26,$72.87,47.12,A+,A,B,A-,A,B+,7.17,65.00%,78.25%,46.7,11.47%,5.78%
SPYV,SPDR Portfolio S&P 500 Value ETF,Equity,"$16,554,800,000",13.36%,"1,691,181",$43.68,0.97%,No,False,1.44%,-0.16%,17.52%,15.14%,9.50%,"-$196,287,476.50","$25,940,822.25","$158,858,981.45","$2,069,173,874.90","$7,878,576,922.60","$11,702,610,903.95",Large Cap Blend Equities,2000-09-25,0.04%,N/A,$0.84,2023-06-20,$0.20,1.95%,16.16,0.94,403,26.92%,40%,20%,1099,$42.32,$43.81,$43.49,$43.81,55.16,A,A,A,B,A-,B+,6.39,18.27%,48.96%,172.07,15.74%,5.15%
SPDW,SPDR Portfolio Developed World ex-US ETF,Equity,"$16,394,300,000",10.74%,"2,597,269",$32.31,1.32%,No,False,1.60%,-0.55%,17.07%,5.99%,4.31%,"$2,335,659,178.60",$0.00,"$271,887,967.90","$3,618,236,446.40","$7,929,962,516.00","$12,463,854,917.20",Foreign Large Cap Equities,2007-04-20,0.03%,N/A,$0.93,2023-06-20,$0.58,2.87%,12.20,0.89,3000,12.73%,40%,20%,1099,$31.28,$32.48,$32.17,$32.39,51.71,A,A+,B+,B-,B,N/A,7.47,41.52%,87.06%,132.85,9.88%,6.95%
XLI,Industrial Select Sector SPDR Fund,Equity,"$14,879,700,000",8.41%,"9,155,359",$105.61,0.98%,No,False,-0.52%,-3.01%,16.74%,12.55%,7.99%,"$1,041,533,591.30","-$142,173,802.65","-$309,683,187.55","$1,099,456,743.30","-$863,902,384.65","-$1,551,269,850.10",Industrials Equities,1998-12-16,0.10%,N/A,$1.71,2023-06-20,$0.42,1.63%,18.48,1.11,77,38.12%,40%,20%,1099,$104.35,$108.85,$105.19,$105.83,44.86,A+,A,B,B+,A,B,6.86,68.99%,66.50%,119.22,24.79%,2.42%
XLU,Utilities Select Sector SPDR Fund,Equity,"$14,879,600,000",-6.06%,"13,453,627",$65.22,1.46%,No,False,4.14%,1.01%,-12.31%,6.67%,6.97%,"-$34,857,311.60","-$28,505,316.35","$314,020,684.05","-$475,386,209.45","$2,620,713,908.25","$6,109,946,934.95",Utilities Equities,1998-12-16,0.10%,N/A,$2.10,2023-06-20,$0.54,3.27%,17.85,0.52,31,59.20%,40%,20%,1099,$61.90,$64.70,$64.79,$65.46,56.24,A+,A,B+,A,A,B-,6.92,41.67%,69.06%,2023.99,65.25%,7.01%
XLC,Communication Services Select Sector SPDR Fund,Equity,"$13,972,700,000",43.19%,"5,593,469",$68.42,1.39%,No,False,2.49%,1.94%,30.42%,5.47%,8.10%,"$2,558,236,424.80","-$282,404,215.20","-$583,478,213.30","$2,346,535,119.65","$2,361,793,890.45","$10,100,325,593.35",Large Cap Growth Equities,2018-06-18,0.10%,N/A,$0.48,2023-06-20,$0.10,0.72%,15.99,1.02,24,79.81%,40%,20%,1099,$64.79,$68.59,$67.82,$68.76,58.83,A,A-,A-,B-,B-,N/A,4.14,16.09%,6.52%,10.87,0.00%,0.06%
JNK,SPDR Bloomberg High Yield Bond ETF,Bond,"$8,160,210,000",6.61%,"7,400,586",$91.88,0.14%,No,False,0.32%,0.70%,7.11%,0.88%,2.44%,"-$969,871,318.60","$658,751,348.60","$227,551,173.60","$1,970,444,890.00","-$3,503,558,228.20","-$817,333,635.82",High Yield Bonds,2007-11-28,0.40%,TD Ameritrade,$6.03,2023-09-01,$0.51,6.58%,0.00,0.45,1500,4.68%,40%,20%,1099,$90.18,$92.41,$91.76,$91.99,57.21,A,B,B,C+,B+,A,5.23,42.96%,27.25%,285.96,8.43%,2.59%
SPSM,SPDR Portfolio S&P 600 Small Cap ETF,Equity,"$7,961,060,000",4.80%,"1,200,208",$38.41,1.67%,No,False,0.68%,-3.44%,5.01%,13.27%,4.29%,"$3,433,435,450.16","-$5,739,210.10","-$9,948,960.95","$3,803,944,546.16","$4,910,392,129.71","$5,842,361,981.11",Small Cap Blend Equities,2013-07-08,0.03%,N/A,$0.61,2023-06-20,$0.03,1.63%,11.97,1.14,1000,6.67%,40%,20%,1099,$37.57,$39.48,$38.20,$38.52,46.31,A,A+,B-,B+,B,N/A,5.37,19.61%,29.06%,107.85,3.12%,7.66%
SPEM,SPDR Portfolio Emerging Markets ETF,Equity,"$7,449,120,000",5.99%,"1,516,170",$34.50,0.61%,No,False,1.68%,-0.17%,4.82%,1.34%,3.11%,"$1,125,236,928.70","$126,604,176.50","$126,604,176.50","$1,747,655,106.30","$3,646,165,562.30","$6,294,410,207.50",Emerging Markets Equities,2007-03-19,0.07%,N/A,$1.10,2023-06-20,$0.45,3.19%,11.48,0.68,3000,24.75%,40%,20%,1099,$33.59,$34.86,$34.39,$34.58,50.37,A,A,N/A,B,C+,N/A,5.4,15.54%,29.50%,360.51,3.28%,5.77%
SPSB,SPDR Portfolio Short Term Corporate Bond ETF,Bond,"$7,295,730,000",2.39%,"2,830,702",$29.33,0.00%,No,False,0.00%,0.22%,2.77%,-0.20%,1.70%,"-$277,137,407.40","-$8,785,833.10","-$149,631,200.60","$102,378,109.30","$1,120,101,306.20","$3,088,887,741.60",Corporate Bonds,2009-12-16,0.04%,N/A,$1.02,2023-09-01,$0.11,3.47%,0.00,0.08,1500,3.95%,40%,20%,1099,$29.20,$29.38,$29.31,$29.36,55.97,A,A,C+,A-,B-,N/A,6.69,70.79%,60.20%,165.4,7.56%,2.81%
SPTL,SPDR Portfolio Long Term Treasury ETF,Bond,"$6,915,470,000",-3.39%,"5,033,425",$27.48,-0.58%,No,False,-0.36%,-1.41%,-9.27%,-14.53%,-2.15%,"$1,615,312,228.10","$33,196,816.50","$284,325,022.90","$2,178,287,596.80","$6,942,512,616.30","$7,850,415,689.00",Government Bonds,2007-05-23,0.03%,N/A,$0.89,2023-09-01,$0.08,3.24%,0.00,0.05,79,28.72%,40%,20%,1099,$27.10,$28.21,$27.39,$27.61,41.73,A,A+,C,C+,A,N/A,5.72,19.46%,34.08%,1.6,0.00%,0.00%
SPMD,SPDR Portfolio S&P 400 Mid Cap ETF,Equity,"$6,888,740,000",8.05%,"592,823",$45.55,1.22%,No,False,0.71%,-2.30%,8.68%,13.50%,6.12%,"$1,108,479,794.00","$24,838,492.95","$148,322,978.70","$1,467,100,851.60","$3,387,130,248.85","$4,778,632,684.50",Mid Cap Blend Equities,2005-11-08,0.03%,N/A,$0.72,2023-06-20,$0.19,1.60%,13.32,1.13,403,6.31%,40%,20%,1099,$44.56,$46.56,$45.34,$45.68,47.53,A,A,A-,A-,A,N/A,6.01,62.22%,39.78%,148.54,4.47%,7.50%
SPTM,SPDR Portfolio S&P 1500 Composite Stock Market ETF,Equity,"$6,711,310,000",17.77%,"409,095",$55.26,0.97%,No,False,1.25%,0.84%,15.44%,12.40%,10.66%,"$357,410,552.55","$24,586,885.40","$67,908,240.85","$378,379,772.35","$1,747,186,640.70","$2,220,494,869.95",All Cap Equities,2000-10-04,0.03%,N/A,$0.82,2023-06-20,$0.21,1.50%,17.28,1.01,2000,39.26%,40%,20%,1099,$53.41,$55.76,$55.02,$55.41,55.14,A,A+,B-,B,B+,N/A,6.53,31.71%,53.48%,117.15,9.18%,6.61%
SPAB,SPDR Portfolio Aggregate Bond ETF,Bond,"$6,703,070,000",0.63%,"2,070,291",$24.75,-0.24%,No,False,0.00%,-0.20%,-0.63%,-4.76%,0.32%,"$241,394,886.50","$37,195,828.60","$143,156,221.90","$714,404,185.20","$2,692,670,786.90","$4,597,637,755.10",Total Bond Market,2007-05-23,0.03%,N/A,$0.79,2023-09-01,$0.07,3.18%,0.00,0.12,7000,7.12%,40%,20%,1099,$24.53,$24.96,$24.72,$24.80,46.17,A,A,B,C+,B+,N/A,6.09,61.48%,41.95%,256.23,2.66%,0.94%
SPIB,SPDR Portfolio Intermediate Term Corporate Bond ETF,Bond,"$6,558,600,000",2.18%,"4,446,352",$31.73,-0.06%,No,False,-0.06%,0.01%,2.17%,-2.58%,1.66%,"$910,229,208.20","$158,699,614.00","$368,307,828.40","$984,080,369.40","$1,528,561,202.80","$3,333,353,483.70",Corporate Bonds,2009-02-10,0.04%,N/A,$1.14,2023-09-01,$0.11,3.60%,0.00,0.19,5000,2.66%,40%,20%,1099,$31.51,$31.93,$31.70,$31.78,48.70,A,A,B,B+,B-,N/A,6.63,69.26%,57.95%,220.54,8.43%,3.54%
SPYD,SPDR Portfolio S&P 500 High Dividend ETF,Equity,"$6,401,810,000",-3.69%,"978,245",$37.26,1.61%,No,False,2.22%,-2.05%,-2.73%,14.81%,4.18%,"-$523,536,074.85","-$11,025,373.90","-$12,797,751.55","-$813,371,897.80","$4,353,858,303.65","$6,227,745,978.90",Large Cap Blend Equities,2015-10-21,0.07%,N/A,$1.78,2023-06-16,$0.46,4.85%,11.68,0.99,82,14.21%,40%,20%,1099,$36.28,$37.42,$37.04,$37.38,51.21,A,A,C,C,A,C+,6.74,52.32%,62.08%,434.59,15.16%,7.96%
XBI,SPDR S&P Biotech ETF,Equity,"$6,019,600,000",-5.77%,"6,131,842",$78.21,-0.10%,No,False,-0.70%,-2.08%,-8.09%,-9.12%,-3.93%,"-$1,757,691,976.75","$48,346,260.10","-$33,977,025.45","-$1,034,549,915.31","$2,791,911,911.59","$2,428,445,349.41",Health & Biotech Equities,2006-01-31,0.35%,N/A,$0.00,2023-06-20,$0.00,0.00%,17.88,0.97,138,14.97%,40%,20%,1099,$77.18,$80.53,$77.71,$78.76,42.62,A+,A,A-,C+,B-,B+,4.91,21.18%,23.02%,36.61,0.00%,18.56%
SPTS,SPDR Portfolio Short Term Treasury ETF,Bond,"$5,566,310,000",1.59%,"2,889,308",$28.70,-0.07%,No,False,-0.03%,0.17%,1.62%,-0.99%,0.98%,"$1,801,357,027.20","$25,793,442.30","$173,597,608.80","$2,018,362,178.40","$2,725,621,481.80","$5,257,519,308.00",Government Bonds,2011-11-30,0.03%,N/A,$0.87,2023-09-01,$0.09,3.03%,0.00,0.01,99,23.53%,40%,20%,1099,$28.62,$28.75,$28.69,$28.73,53.36,A,A,B+,A-,B+,N/A,5.72,25.93%,34.08%,1.6,0.00%,0.00%
XLB,Materials Select Sector SPDR Fund,Equity,"$5,520,680,000",7.36%,"5,758,422",$82.63,1.41%,No,False,1.11%,-0.11%,12.45%,10.46%,9.05%,"$83,147,209.90","-$73,462,035.55","-$87,315,721.00","-$200,423,620.15","$772,073,641.80","$93,076,113.40",Materials,1998-12-16,0.10%,N/A,$1.64,2023-06-20,$0.40,2.02%,16.06,1.06,31,65.94%,40%,20%,1099,$80.04,$83.54,$82.17,$82.94,52.47,A+,A,B+,A+,A,B-,6.89,71.67%,67.68%,623.11,4.17%,5.39%
SRLN,SPDR Blackstone Senior Loan ETF,Bond,"$4,585,450,000",8.36%,"1,471,542",$41.99,0.05%,No,False,0.31%,1.58%,7.33%,3.45%,3.24%,"-$1,456,926,863.25","$69,109,503.70","$115,518,932.95","-$3,155,309,975.95","$3,882,028,685.70","$2,203,286,352.45",High Yield Bonds,2013-04-03,0.70%,Charles Schwab,$3.19,2023-09-01,$0.33,7.60%,0.00,0.30,1,100.00%,40%,20%,1099,$41.32,$42.10,$41.97,$42.03,80.39,A,C,B+,A,B+,B+,0.0,N/A,N/A,N/A,N/A,N/A
CWB,SPDR Bloomberg Convertible Securities ETF,Bond,"$4,566,100,000",9.22%,"1,017,556",$69.41,0.54%,No,False,0.52%,-0.42%,4.30%,3.81%,8.49%,"$169,353,471.80","-$20,801,433.20","-$138,662,812.00","$40,349,337.40","-$729,294,976.80","-$1,189,157,622.30",Preferred Stock/Convertible Bonds,2009-04-14,0.40%,Charles Schwab,$1.52,2023-09-01,$0.16,2.20%,0.00,0.79,272,16.68%,40%,20%,1099,$68.08,$69.88,$69.17,$69.56,50.83,A,A-,A+,C,C+,A-,5.61,23.33%,32.35%,291.67,7.00%,12.87%
XLRE,Real Estate Select Sector SPDR Fund,Real Estate,"$4,521,530,000",1.67%,"4,827,834",$36.93,1.82%,No,False,0.19%,-1.23%,-7.08%,4.71%,5.23%,"-$305,036,325.90","$125,403,377.05","$101,598,226.35","-$225,809,526.25","$2,869,590,180.10","$2,180,613,467.40",Real Estate,2015-10-07,0.10%,N/A,$1.40,2023-06-20,$0.36,3.86%,33.65,0.84,33,59.72%,40%,20%,1099,$35.87,$37.32,$36.65,$37.10,49.69,A,A,A-,C,B,C+,6.58,94.94%,55.37%,89.6,0.00%,16.68%
SPMB,SPDR Portfolio Mortgage Backed Bond ETF,Bond,"$4,434,570,000",0.34%,"814,416",$21.32,-0.14%,No,False,0.42%,0.03%,-0.93%,-4.47%,-0.40%,"$669,874,866.30","-$10,643,154.20","$12,778,569.30","$714,459,526.50","$3,107,878,060.30","$5,085,808,611.50",Mortgage Backed Securities,2009-01-15,0.04%,N/A,$0.68,2023-09-01,$0.06,3.20%,0.00,0.11,2500,11.84%,40%,20%,1099,$21.06,$21.49,$21.28,$21.37,47.88,A-,A+,A-,B,A,N/A,0.0,N/A,N/A,N/A,N/A,N/A
SPTI,SPDR Portfolio Intermediate Term Treasury ETF,Bond,"$4,042,370,000",0.24%,"3,866,577",$27.79,-0.14%,No,False,-0.11%,-0.20%,-0.82%,-4.59%,0.48%,"$612,106,866.90","$2,706,737.60","$125,846,634.40","$531,675,720.80","$2,214,040,940.50","$4,056,750,019.20",Government Bonds,2007-05-23,0.03%,N/A,$0.72,2023-09-01,$0.08,2.57%,0.00,0.03,110,22.43%,40%,20%,1099,$27.63,$27.98,$27.76,$27.84,45.75,A,A,B,B,B,N/A,5.72,16.78%,34.06%,1.6,0.00%,0.00%
SHM,SPDR Nuveen Bloomberg Short Term Municipal Bond ETF,Bond,"$4,014,440,000",0.30%,"446,939",$46.80,0.02%,No,False,-0.04%,0.03%,1.00%,-1.25%,0.64%,"-$526,415,437.50",$0.00,"-$18,724,237.20","-$742,716,467.10","$122,571,354.90","$504,002,633.40",National Munis,2007-10-10,0.20%,2 Platforms,$0.45,2023-09-01,$0.05,0.95%,0.00,0.06,1000,12.39%,40%,20%,1099,$46.69,$46.84,$46.76,$46.82,49.63,A,B+,B-,A-,B-,A,0.0,N/A,N/A,N/A,N/A,N/A
SJNK,SPDR Bloomberg Short Term High Yield Bond ETF,Bond,"$3,970,660,000",6.85%,"4,341,144",$24.69,0.12%,No,False,0.33%,0.81%,8.27%,3.91%,3.46%,"$531,017,980.80","$22,135,302.30","$73,836,028.20","$740,447,631.00","$908,122,701.00","$682,374,870.90",High Yield Bonds,2012-03-15,0.40%,N/A,$1.72,2023-09-01,$0.15,7.00%,0.00,0.36,1000,6.54%,40%,20%,1099,$24.31,$24.78,$24.67,$24.72,60.74,A,B,B-,A-,A-,A,5.15,29.10%,26.17%,287.96,9.56%,2.60%
XOP,SPDR S&P Oil & Gas Exploration & Production ETF,Equity,"$3,958,230,000",14.10%,"3,847,680",$152.78,0.49%,No,False,0.88%,2.67%,7.69%,54.31%,0.62%,"-$1,165,817,502.25","-$90,929,110.65","-$46,557,883.10","-$712,353,340.40","-$1,788,816,635.15","-$417,679,893.40",Energy Equities,2006-06-19,0.35%,N/A,$3.89,2023-06-20,$0.83,2.56%,5.59,1.91,60,26.08%,40%,20%,1099,$143.27,$155.25,$151.99,$154.09,62.55,A,A-,B+,C+,C+,A-,5.86,8.95%,37.10%,442.21,0.00%,0.89%
SLYV,SPDR S&P 600 Small Cap Value ETF,Equity,"$3,717,110,000",3.18%,"180,252",$75.83,1.99%,No,False,0.86%,-4.57%,4.64%,16.16%,3.70%,"-$215,160,741.45",$0.00,"$11,605,798.05","-$125,748,530.10","$868,367,623.95","$1,349,430,726.75",Small Cap Value Equities,2000-09-25,0.15%,Charles Schwab,$1.41,2023-06-20,$0.45,1.90%,11.29,1.18,457,7.79%,40%,20%,1099,$74.13,$78.30,$75.30,$76.12,45.23,A,A-,B+,C+,A-,A-,5.5,27.97%,30.72%,97.84,3.11%,6.63%
TFI,SPDR Nuveen Bloomberg Municipal Bond ETF,Bond,"$3,686,020,000",0.18%,"567,789",$45.00,-0.11%,No,False,-0.16%,-1.39%,2.02%,-2.79%,0.85%,"-$333,615,434.30",$0.00,"$4,519,316.90","$332,598,750.60","$988,844,205.70","$1,231,999,056.90",National Munis,2007-09-11,0.23%,2 Platforms,$1.03,2023-09-01,$0.10,2.28%,0.00,0.16,2500,5.40%,40%,20%,1099,$44.91,$45.33,$44.93,$45.04,38.50,A,B,A-,B-,C,A,0.0,N/A,N/A,N/A,N/A,N/A
GNR,SPDR S&P Global Natural Resources ETF,Equity,"$3,471,040,000",2.25%,"174,789",$57.26,2.27%,No,False,3.06%,1.69%,9.91%,17.84%,7.31%,"-$15,668,073.60",$0.00,"$21,844,944.35","$64,100,137.02","$1,951,908,920.27","$1,796,957,484.46",Commodity Producers Equities,2010-09-13,0.40%,Charles Schwab,$2.26,2023-06-01,$0.93,4.03%,8.70,1.01,92,36.04%,40%,20%,1099,$53.92,$57.22,$56.89,$57.49,59.39,A-,A,B,A-,A-,A-,7.0,81.58%,71.92%,369.93,6.97%,4.46%
TOTL,SPDR DoubleLine Total Return Tactical ETF,Bond,"$3,157,150,000",1.28%,"430,627",$39.33,-0.13%,No,False,0.20%,-0.32%,-0.51%,-3.77%,-0.15%,"$902,333,927.80","$49,044,342.30","$72,590,063.90","$1,106,591,321.55","$532,870,406.10","$555,892,292.15",Total Bond Market,2015-02-23,0.55%,N/A,$1.99,2023-09-01,$0.16,5.06%,0.00,0.13,1500,31.20%,40%,20%,1099,$39.00,$39.61,N/A,N/A,45.64,A-,C+,N/A,B,A,N/A,0.0,N/A,N/A,N/A,N/A,N/A
KRE,SPDR S&P Regional Banking ETF,Equity,"$2,686,310,000",-23.83%,"15,945,320",$43.96,1.97%,No,False,2.30%,-8.01%,-27.82%,8.31%,-3.91%,"$727,703,558.40","-$18,471,001.20","-$106,324,397.60","$313,473,904.45","$1,846,797,794.05","-$471,173,945.10",Financials Equities,2006-06-19,0.35%,N/A,$1.54,2023-06-20,$0.40,3.56%,7.03,1.10,140,21.73%,40%,20%,1099,$42.81,$45.33,$43.56,$44.23,47.45,A,A-,B-,B+,A-,B+,4.63,13.44%,16.72%,5.41,0.00%,5.63%
BILS,SPDR Bloomberg 3-12 Month T-Bill ETF,Bond,"$2,637,820,000",3.22%,"370,036",$99.24,0.06%,No,False,0.11%,0.48%,4.23%,N/A,N/A,"$1,966,262,759.85","$74,356,828.45","$218,215,713.70","$2,547,488,820.60","$2,617,417,381.13","$2,617,417,381.13",Government Bonds,2020-09-23,0.14%,N/A,$4.32,2023-09-01,$0.44,4.36%,0.00,-0.07,25,50.61%,40%,20%,1099,$98.79,$99.26,$99.23,$99.25,98.12,B+,B-,A,A,C,N/A,5.72,22.22%,34.00%,1.6,0.00%,0.00%
SLYG,SPDR S&P 600 Small Cap Growth ETF,Equity,"$2,517,430,000",6.50%,"89,164",$76.44,1.43%,No,False,0.61%,-2.30%,4.97%,10.09%,3.20%,"$227,637,420.50",$0.00,"$7,739,781.80","$345,568,764.80","$596,883,508.90","$30,166,307.00",Small Cap Growth Equities,2000-09-25,0.15%,Charles Schwab,$0.97,2023-06-20,$0.28,1.29%,12.68,1.12,351,12.19%,40%,20%,1099,$74.68,$78.36,$75.97,$76.72,47.56,A-,A-,B,B+,B,A-,5.23,11.88%,27.21%,117.72,3.15%,8.68%
FEZ,SPDR EURO STOXX 50 ETF,Equity,"$2,425,680,000",15.72%,"1,255,327",$43.74,1.09%,No,False,1.18%,-3.51%,31.74%,7.92%,5.83%,"$252,083,117.80",$0.00,"-$46,296,196.80","$693,270,374.35","$401,338,688.10","-$806,235,322.85",Europe Equities,2002-10-15,0.29%,TD Ameritrade,$1.41,2023-06-20,$0.94,3.25%,11.56,1.04,52,42.66%,40%,20%,1099,$42.97,$45.04,$43.52,$43.87,44.60,A,A-,B+,B-,B-,B,8.04,66.10%,97.44%,84.21,21.41%,4.07%
FLRN,SPDR Bloomberg Investment Grade Floating Rate ETF,Bond,"$2,375,180,000",4.60%,"710,509",$30.64,0.00%,No,False,0.07%,0.62%,5.92%,2.16%,2.14%,"-$651,398,276.80",$0.00,"$30,664,800.60","-$863,597,098.50","-$100,386,294.70","-$1,531,752,950.20",Corporate Bonds,2011-11-30,0.15%,N/A,$1.49,2023-09-01,$0.15,4.86%,0.00,0.07,333,10.52%,40%,20%,1099,$30.47,$30.68,$30.62,$30.66,82.11,A,B,C,A,C,C+,7.55,99.50%,89.26%,58.93,2.79%,1.71%
MDYV,SPDR S&P 400 Mid Cap Value ETF,Equity,"$2,220,340,000",5.34%,"104,411",$67.59,1.47%,No,False,0.54%,-3.14%,7.45%,17.37%,6.62%,"-$146,379,561.20","$3,353,389.10","-$88,724.30","$310,395,250.55","$869,527,980.65","$1,081,452,969.60",Mid Cap Value Equities,2005-11-08,0.15%,Charles Schwab,$1.22,2023-06-20,$0.33,1.83%,11.94,1.17,300,8.92%,40%,20%,1099,$66.12,$69.40,$67.24,$67.78,46.00,A,A,A,B,A-,A-,5.88,52.49%,37.33%,135.14,3.79%,6.57%
SPHY,SPDR Portfolio High Yield Bond ETF,Bond,"$2,047,770,000",6.98%,"1,455,533",$22.78,0.13%,No,False,0.35%,0.89%,7.85%,2.34%,N/A,"$1,209,479,898.00","$63,446,095.90","$202,753,353.20","$1,251,197,413.00","$2,020,944,607.00","$2,081,534,389.50",High Yield Bonds,2012-06-18,0.05%,N/A,$1.62,2023-09-01,$0.14,7.10%,0.02,0.42,2000,3.21%,40%,20%,1099,$22.37,$22.89,$22.74,$22.80,57.28,A-,A+,N/A,C+,A,N/A,5.28,49.88%,27.89%,264.95,6.75%,2.87%
HYMB,SPDR Nuveen Bloomberg High Yield Municipal Bond ETF,Bond,"$1,958,870,000",2.84%,"704,095",$24.51,-0.49%,No,False,0.08%,-0.59%,2.15%,-1.52%,0.83%,"-$294,697,905.80","$14,691,545.40","$29,422,233.40","$138,281,842.70","$1,032,344,200.70","$1,693,525,842.30",National Munis,2011-04-13,0.35%,Charles Schwab,$1.24,2023-09-01,$0.09,5.06%,0.00,0.23,2000,11.88%,40%,20%,1099,$24.43,$24.66,$24.48,$24.57,45.51,A,C+,A-,C+,A,B,0.0,N/A,N/A,N/A,N/A,N/A
EBND,SPDR Bloomberg Emerging Markets Local Bond ETF,Bond,"$1,868,070,000",2.43%,"407,467",$20.33,-0.25%,No,False,0.25%,-1.88%,7.18%,-4.50%,-0.37%,"-$287,104,090.20","$14,182,537.60","$198,363,323.60","-$265,278,354.20","$1,463,899,428.40","$1,723,537,913.70",Emerging Markets Bonds,2011-02-23,0.30%,Charles Schwab,$1.10,2023-09-01,$0.08,5.41%,0.00,0.36,1000,7.67%,40%,20%,1099,$20.18,$20.83,$20.30,$20.38,39.32,A,A-,B,A-,B-,A,4.89,70.11%,22.70%,5.38,0.00%,0.00%
MDYG,SPDR S&P 400 Mid Cap Growth ETF,Equity,"$1,860,580,000",10.51%,"72,841",$71.79,1.08%,No,False,0.90%,-1.51%,9.59%,9.41%,5.89%,"$127,526,550.20","-$14,218,274.60","-$7,051,173.20","-$7,560,942.55","$46,102,754.30","$28,536,163.00",Mid Cap Growth Equities,2005-11-08,0.15%,Charles Schwab,$0.84,2023-06-20,$0.23,1.18%,14.93,1.09,243,11.66%,40%,20%,1099,$70.15,$73.10,$71.48,$71.97,49.41,A-,A-,B-,B+,B-,A-,6.13,70.93%,42.84%,161.34,5.12%,8.39%
XME,SPDR S&P Metals & Mining ETF,Equity,"$1,722,600,000",8.93%,"2,854,684",$53.90,3.42%,No,False,4.28%,5.81%,16.24%,32.63%,11.51%,"-$216,997,418.70","-$28,353,013.25","-$51,772,536.80","-$98,436,356.70","$482,339,184.10","$526,279,169.30",Materials,2006-06-19,0.35%,N/A,$0.88,2023-06-20,$0.16,1.70%,9.17,1.48,33,52.16%,40%,20%,1099,$50.04,$53.27,$53.18,$54.34,61.61,A,A,A,B-,B+,B,6.06,43.33%,40.78%,805.83,2.03%,2.70%
XAR,SPDR S&P Aerospace & Defense ETF,Equity,"$1,679,620,000",6.46%,"57,862",$116.90,0.78%,No,False,-1.89%,-4.38%,13.25%,10.70%,4.37%,"$268,195,266.01","$174,087,036.73","$192,073,117.35","$274,980,804.26","$320,425,346.25","$241,747,551.23",Industrials Equities,2011-09-28,0.35%,N/A,$0.57,2023-06-20,$0.14,0.49%,23.24,1.09,32,47.38%,40%,20%,1099,$115.85,$123.25,N/A,N/A,41.42,A,A-,A+,B,B,C+,6.57,56.33%,55.08%,39.27,65.68%,0.41%
KOMP,SPDR S&P Kensho New Economies Composite ETF,Equity,"$1,677,410,000",6.44%,"91,028",$41.72,1.34%,No,False,-0.48%,-4.77%,-3.67%,1.56%,N/A,"$82,576,384.57","$2,495,752.46","-$2,000,944.25","$64,236,422.95","$721,928,873.61","$1,684,589,448.30",All Cap Equities,2018-10-22,0.20%,N/A,$0.57,2023-06-20,$0.15,1.38%,18.10,1.17,1000,12.48%,40%,20%,1099,$40.88,$43.41,$41.48,$41.87,41.27,A,A-,A,C+,C+,N/A,5.84,33.94%,36.72%,103.34,10.26%,7.20%
SPIP,SPDR Portfolio TIPS ETF,Bond,"$1,550,420,000",0.81%,"401,170",$25.26,-0.04%,No,False,0.20%,-0.09%,-2.57%,-1.80%,2.22%,"-$668,484,896.80","-$17,686,134.80","-$17,757,512.80","-$865,985,245.30","$171,978,731.30","$666,674,935.20",Inflation-Protected Bonds,2007-05-25,0.12%,N/A,$0.83,2023-09-01,$0.08,3.28%,0.00,0.19,50,29.59%,40%,20%,1099,$25.02,$25.39,$25.22,$25.31,48.63,A,N/A,A,B-,A+,N/A,5.72,11.58%,33.94%,1.6,0.00%,0.00%
KBE,SPDR S&P Bank ETF,Equity,"$1,536,110,000",-12.97%,"2,751,392",$38.69,1.60%,No,False,2.30%,-6.39%,-16.63%,10.68%,-1.68%,"$59,668,781.35","$3,869,631.60","$247,115,877.50","-$224,796,901.05","-$272,466,180.45","-$1,782,677,780.15",Financials Equities,2005-11-08,0.35%,N/A,$1.28,2023-06-20,$0.30,3.37%,6.85,1.14,90,16.82%,40%,20%,1099,$37.67,$39.55,$38.41,$38.92,48.78,A,A,B+,B+,A,B,5.06,18.75%,25.07%,5.26,0.00%,4.21%
CWI,SPDR MSCI ACWI ex-US ETF,Equity,"$1,474,970,000",9.04%,"328,359",$25.81,1.10%,No,False,1.73%,-0.65%,14.38%,4.78%,4.06%,"-$174,070,912.20","-$76,711,635.00","-$76,711,635.00","-$162,895,467.60","$172,225,801.00","$5,738,142.43",Foreign Large Cap Equities,2007-01-10,0.30%,Charles Schwab,$0.76,2023-06-01,$0.41,2.98%,12.03,0.82,1500,13.27%,40%,20%,1099,$25.05,$25.97,$25.72,$25.88,50.79,A-,B+,A-,B+,B+,A-,7.18,20.48%,78.66%,160.38,9.59%,6.47%
XSD,SPDR S&P Semiconductor ETF,Equity,"$1,448,810,000",22.35%,"60,867",$204.25,1.93%,No,False,-0.21%,-1.56%,22.60%,19.78%,22.46%,"$228,219,253.17","-$10,025,818.80","-$10,290,334.96","$208,932,052.67","$666,635,580.54","$696,937,512.17",Technology Equities,2006-01-31,0.35%,N/A,$0.78,2023-06-20,$0.15,0.39%,20.85,1.41,39,33.37%,40%,20%,1099,$197.46,$214.36,$201.90,$205.63,45.05,B+,A,B+,C+,B,B,5.74,32.44%,35.00%,73.12,0.00%,8.71%
RWR,SPDR Dow Jones REIT ETF,Real Estate,"$1,393,020,000",5.01%,"309,636",$89.98,1.89%,No,False,0.81%,-0.99%,-2.58%,7.87%,2.26%,"-$128,326,499.22","$106,440,061.55","$66,483,176.52","-$135,903,662.63","$77,931,837.12","-$941,933,112.62",Real Estate,2001-04-23,0.25%,TD Ameritrade,$3.54,2023-06-20,$0.88,4.01%,0.03,0.95,111,50.37%,40%,20%,1099,$87.17,$90.77,$89.24,$90.43,50.94,A-,A-,B,B-,B+,A-,5.52,35.39%,30.96%,92.22,0.00%,18.60%
SPYX,SPDR S&P 500 Fossil Fuel Reserves Free ETF,Equity,"$1,391,970,000",18.50%,"94,811",$36.63,0.91%,No,False,1.22%,1.02%,15.77%,11.16%,10.82%,"-$19,875,665.11","$1,094,787.03","-$1,062,677.22","$19,383,337.81","$503,051,050.03","$748,326,080.68",Large Cap Growth Equities,2015-11-30,0.20%,N/A,$0.68,2023-06-20,$0.12,1.87%,18.49,0.99,492,32.02%,40%,20%,1099,$35.40,$36.94,$36.47,$36.72,55.00,B,B+,A-,B+,B+,A-,6.61,49.79%,56.82%,109.4,9.97%,6.78%
XHB,SPDR S&P Homebuilders ETF,Equity,"$1,371,500,000",34.40%,"2,937,083",$80.66,1.15%,No,False,-1.18%,-3.10%,39.91%,16.37%,16.04%,"$339,497,467.60","$91,007.25","$39,457,613.25","$238,452,103.65","-$345,357,322.15","$55,100,148.10",Building & Construction ,2006-01-31,0.35%,N/A,$0.70,2023-06-20,$0.18,0.88%,12.20,1.32,36,40.79%,40%,20%,1099,$78.27,$83.63,N/A,N/A,48.31,A+,A+,A+,A-,A+,A,6.93,85.48%,69.22%,46.17,0.00%,13.14%
TIPX,SPDR Bloomberg 1-10 Year TIPS ETF,Bond,"$1,324,700,000",1.53%,"313,778",$18.25,-0.11%,No,False,0.11%,-0.01%,-1.02%,0.18%,2.70%,"-$26,965,324.00","$1,825,212.40","-$3,634,313.80","-$140,951,448.20","$1,049,421,551.50","$1,213,492,277.10",Inflation-Protected Bonds,2013-05-29,0.15%,N/A,$0.54,2023-09-01,$0.06,2.97%,0.00,0.15,37,35.47%,40%,20%,1099,$18.12,$18.31,$18.23,$18.28,50.44,B-,A-,B,A-,A,C+,5.71,8.42%,33.91%,1.6,0.00%,0.00%
RWO,SPDR Dow Jones Global Real Estate ETF,Real Estate,"$1,170,320,000",1.93%,"115,142",$41.01,1.89%,No,False,0.76%,-1.04%,-2.90%,4.14%,0.09%,"-$13,466,495.35","-$12,150,372.75","-$12,150,372.75","$56,338,566.15","-$427,180,930.55","-$901,562,382.50",Global Real Estate,2008-05-07,0.50%,2 Platforms,$1.57,2023-06-20,$0.40,3.90%,25.66,0.91,244,35.73%,40%,20%,1099,$39.74,$41.42,$40.71,$41.20,50.47,A-,B+,A,B,A,A-,5.85,32.12%,36.96%,87.06,0.00%,24.61%
QUS,SPDR MSCI USA StrategicFactors ETF,Equity,"$1,011,300,000",14.65%,"20,128",$125.54,0.79%,No,False,1.23%,0.69%,15.60%,11.87%,10.48%,"-$7,080,063.21",$0.00,"-$3,767,691.60","$41,254,752.48","$20,868,082.42","$577,856,466.23",Large Cap Growth Equities,2015-04-16,0.15%,N/A,$1.96,2023-06-01,$0.86,1.57%,17.05,0.92,1000,25.01%,40%,20%,1099,$122.07,$126.15,$125.18,$125.76,56.91,B,A-,B+,A,A,A-,6.79,71.53%,63.91%,150.37,6.78%,7.19%
EFIV,SPDR S&P 500 ESG ETF,Equity,"$973,027,000",20.59%,"77,192",$43.87,0.83%,No,False,1.34%,1.50%,18.55%,13.48%,N/A,"$99,808,572.26","$3,258,920.92","$36,901,898.87","$254,902,040.07","$744,755,400.67","$769,710,467.77",Large Cap Growth Equities,2020-07-27,0.10%,N/A,$0.63,2023-06-16,$0.16,1.45%,17.75,1.03,323,39.21%,40%,20%,1099,$42.25,$44.28,$43.67,$44.00,56.13,B,A-,N/A,B+,B-,N/A,6.88,78.43%,67.26%,82.61,5.97%,7.34%
QEFA,SPDR MSCI EAFE StrategicFactors ETF,Equity,"$962,336,000",10.37%,"79,233",$69.48,1.16%,No,False,1.52%,-0.37%,17.94%,6.17%,4.77%,"$18,049,446.50","$10,280,301.45","-$16,814,469.40","$106,686,252.05","$588,364,734.85","$710,049,412.40",Foreign Large Cap Equities,2014-06-04,0.30%,N/A,$1.89,2023-06-01,$1.23,2.75%,12.69,0.77,1000,20.14%,40%,20%,1099,$67.46,$69.84,$69.28,$69.63,51.99,B+,B+,B+,B+,B,N/A,7.59,54.75%,90.09%,104.82,10.25%,8.46%
BWX,SPDR Bloomberg International Treasury Bond ETF,Bond,"$889,753,000",-2.22%,"353,619",$21.69,0.05%,No,False,-0.05%,-1.90%,0.34%,-9.11%,-3.59%,"-$200,412,699.30","$26,012,991.60","$8,635,266.80","$66,735,151.10","$249,663,725.50","-$17,779,628.50",International Government Bonds,2007-10-02,0.35%,2 Platforms,$0.36,2023-09-01,$0.03,1.64%,0.00,0.26,1500,7.16%,40%,20%,1099,$21.56,$22.17,$21.63,$21.76,39.01,A+,B+,A,B,A-,A+,6.08,47.91%,41.67%,1.6,0.00%,0.00%
GXC,SPDR S&P China ETF,Equity,"$844,432,000",-5.38%,"168,506",$73.36,0.56%,No,False,1.31%,-2.47%,-4.68%,-12.78%,-3.25%,"-$201,507,598.00",$0.00,"-$96,624,747.90","-$324,871,718.75","$200,359,427.70","$328,050,580.75",China Equities,2007-03-19,0.59%,2 Platforms,$2.17,2023-06-20,$0.83,2.96%,10.38,0.50,1000,42.85%,40%,20%,1099,$70.48,$75.59,$73.04,$73.54,47.24,A-,A,A-,A-,A,A,4.67,41.59%,18.18%,239.22,3.49%,8.55%
PSK,SPDR ICE Preferred Securities ETF,Preferred Stock,"$839,916,000",4.48%,"125,792",$32.88,0.46%,No,False,0.74%,-0.22%,-1.48%,-3.55%,0.31%,"-$101,901,095.30","-$1,630,896.95","-$4,865,291.75","-$88,375,604.55","-$36,252,845.50","$546,417,299.35",Preferred Stock/Convertible Bonds,2009-09-16,0.45%,N/A,$2.15,2023-09-01,$0.18,6.56%,0.00,0.41,152,17.11%,40%,20%,1099,$32.15,$32.96,$32.76,$32.96,53.41,B+,B+,B,B-,A-,A,5.88,15.12%,37.40%,215.42,6.12%,1.28%
LGLV,SPDR SSGA US Large Cap Low Volatility Index ETF,Equity,"$806,539,000",4.04%,"22,045",$139.85,0.95%,No,False,1.11%,-0.69%,5.43%,10.99%,9.54%,"$153,573,964.83","-$1,385,806.55","-$7,442.46","$183,306,417.13","$88,367,339.40","$562,954,712.20",Volatility Hedged Equity,2013-02-20,0.12%,N/A,$2.67,2023-06-16,$0.63,1.93%,19.00,0.83,151,11.56%,40%,20%,1099,$137.13,$140.69,$139.33,$140.13,52.14,A-,A,A+,B,B-,C+,6.48,26.01%,51.57%,286.53,9.94%,2.97%
EWX,SPDR S&P Emerging Markets Small Cap ETF,Equity,"$799,246,000",12.40%,"36,923",$54.52,0.70%,No,False,0.76%,2.56%,11.93%,9.94%,6.87%,"$84,101,963.40",$0.00,$0.00,"$148,204,920.60","$172,679,710.20","$208,268,207.50",Emerging Markets Equities,2008-05-12,0.65%,2 Platforms,$1.32,2023-06-20,$0.48,2.44%,10.77,0.79,3000,5.57%,40%,20%,1099,$52.53,$55.24,$54.31,$54.76,56.22,B+,C+,B,A-,B+,A,0.0,N/A,N/A,N/A,N/A,N/A
ONEY,SPDR Russell 1000 Yield Focus ETF,Equity,"$757,799,000",4.61%,"28,098",$96.42,1.51%,No,False,1.56%,-2.04%,7.56%,19.34%,9.02%,"-$117,723,573.16","$4,775,449.70","$11,456,387.93","-$90,698,085.07","$176,235,835.30","$196,955,009.39",All Cap Equities,2015-12-02,0.20%,N/A,$3.10,2023-06-20,$0.79,3.26%,11.00,1.10,300,13.78%,40%,20%,1099,$94.23,$97.09,$95.99,$96.63,50.91,A-,A-,C+,A,A-,N/A,6.61,93.72%,57.14%,316.25,6.59%,4.89%
SPLB,SPDR Portfolio Long Term Corporate Bond ETF,Bond,"$729,492,000",1.35%,"615,705",$22.06,-0.27%,No,False,-0.14%,-0.23%,-1.15%,-8.30%,0.27%,"$210,016,548.40","$11,053,560.00","$33,604,158.20","$155,328,150.70","$224,750,858.90","$623,044,199.50",Corporate Bonds,2009-03-10,0.04%,N/A,$1.07,2023-09-01,$0.09,4.85%,0.00,0.46,3000,3.16%,40%,20%,1099,$21.60,$22.54,$22.01,$22.14,46.41,A,A,A,C,A,N/A,6.46,83.33%,50.94%,424.29,13.81%,3.92%
SPBO,SPDR Portfolio Corporate Bond ETF,Bond,"$694,343,000",2.18%,"179,644",$28.11,-0.07%,No,False,-0.07%,-0.09%,1.34%,-4.47%,1.44%,"$168,000,389.55","-$4,219,504.00","-$12,615,524.25","$284,980,269.20","$542,017,752.30","$725,903,459.60",Corporate Bonds,2011-04-06,0.03%,N/A,$1.30,2023-09-01,$0.12,4.62%,0.00,0.27,4500,2.13%,40%,20%,1099,$27.78,$28.40,$28.08,$28.16,47.62,B+,A+,A,C+,A-,N/A,6.56,56.89%,54.60%,283.81,10.23%,3.71%
GWX,SPDR S&P International Small Cap ETF,Equity,"$681,604,000",5.07%,"55,466",$30.44,1.10%,No,False,0.73%,-1.12%,8.15%,2.98%,0.96%,"-$15,086,512.50",$0.00,$0.00,"-$6,830,568.30","-$21,773,157.00","-$77,068,563.70",Foreign Small & Mid Cap Equities,2007-04-20,0.40%,N/A,$0.86,2023-06-20,$0.48,2.84%,11.16,0.96,2500,2.99%,40%,20%,1099,$29.60,$30.86,$30.31,$30.54,49.22,A,B,B,B+,A,B+,5.17,3.48%,26.43%,139.99,2.98%,5.60%
SPGM,SPDR Portfolio MSCI Global Stock Market ETF,Equity,"$633,095,000",14.25%,"44,317",$52.65,1.02%,No,False,1.46%,0.21%,14.33%,9.31%,7.84%,"$80,236,749.75","$7,791,253.05","$25,776,047.30","$103,601,361.45","$147,756,481.25","$401,161,837.65",Global Equities,2012-02-27,0.09%,N/A,$1.16,2023-06-01,$0.59,2.20%,14.66,0.94,3000,22.61%,40%,20%,1099,$50.98,$53.05,$52.41,$52.80,53.44,A-,A,C+,A-,B+,N/A,6.73,24.98%,61.51%,130.51,8.29%,6.18%
NANR,SPDR S&P North American Natural Resources ETF,Equity,"$569,817,000",3.10%,"24,652",$55.11,1.68%,No,False,2.77%,1.36%,8.33%,26.18%,13.69%,"-$103,196,397.74","-$4,070,122.73","-$4,070,122.73","-$4,605,586.71","-$106,414,817.73","-$299,028,330.79",Commodity Producers Equities,2015-12-15,0.35%,N/A,$1.66,2023-06-01,$0.70,3.06%,11.28,1.11,37,60.48%,40%,20%,1099,$51.75,$55.13,$54.84,$55.31,60.47,N/A,A+,N/A,N/A,N/A,N/A,6.68,44.21%,59.98%,386.02,5.77%,0.86%
ULST,SPDR SSgA Ultra Short Term Bond ETF,Bond,"$567,701,000",3.34%,"138,453",$40.18,-0.02%,No,False,0.05%,0.27%,4.50%,1.58%,1.91%,"$148,527,614.76","-$8,035,473.40","-$3,010,801.02","$248,308,140.79","$285,268,578.18","$470,919,438.48",Total Bond Market,2013-10-09,0.20%,N/A,$1.54,2023-09-01,$0.16,3.82%,0.00,0.05,168,37.73%,40%,20%,1099,$40.02,$40.23,$40.13,$40.22,66.67,B+,B+,B,A,C+,N/A,6.2,32.67%,44.36%,217.79,4.79%,1.73%
XNTK,SPDR NYSE Technology ETF,Equity,"$564,647,000",49.89%,"13,608",$144.87,0.58%,No,False,0.39%,4.78%,35.79%,9.09%,15.67%,"$27,618,124.88","$2,880,842.90","$2,345,357.65","$32,314,732.65","-$32,557,497.50","-$530,361,282.19",Technology Equities,2000-09-25,0.35%,N/A,$0.71,2023-06-20,$0.16,0.49%,23.44,1.23,36,37.48%,40%,20%,1099,$134.23,$149.46,$144.42,$145.29,55.48,B-,A,A,B,B+,N/A,6.84,68.74%,65.58%,22.64,2.95%,7.27%
ONEV,SPDR Russell 1000 Low Volatility Focus ETF,Equity,"$546,904,000",6.19%,"6,537",$108.37,1.07%,No,False,1.00%,-1.99%,9.74%,13.61%,9.10%,"-$33,830,882.32",$0.00,$0.00,"-$63,675,805.31","-$109,793,548.37","-$101,512,718.80",Volatility Hedged Equity,2015-12-02,0.20%,N/A,$1.98,2023-06-20,$0.50,1.84%,14.40,0.96,468,9.97%,40%,20%,1099,$106.51,$109.51,$108.06,$108.54,49.31,B,A,A,C,B,N/A,6.67,95.37%,59.39%,228.77,7.03%,5.77%
DWX,SPDR S&P International Dividend ETF,Equity,"$539,716,000",9.84%,"46,800",$34.73,1.14%,No,False,1.88%,1.06%,12.20%,4.23%,2.52%,"-$8,798,899.20",$0.00,"$39,030,537.50","-$17,410,444.50","-$42,223,434.75","-$256,566,419.15",Foreign Large Cap Equities,2008-02-12,0.45%,Charles Schwab,$1.54,2023-06-20,$0.61,4.49%,12.42,0.69,103,16.11%,40%,20%,1099,$33.47,$34.75,$34.64,$34.81,55.95,B+,B,C+,C+,A,B,7.3,47.53%,82.77%,346.08,9.92%,11.72%
RLY,SPDR SSgA Multi-Asset Real Return ETF,Alternatives,"$529,264,000",2.65%,"101,545",$27.86,1.16%,No,False,2.09%,1.35%,3.42%,15.23%,6.79%,"-$98,301,030.32","-$2,195,501.22","-$12,516,698.76","$27,426,020.86","$494,394,282.66","$423,634,979.20",Hedge Fund,2012-04-25,0.50%,Charles Schwab,$1.51,2023-06-20,$0.30,5.48%,0.04,0.70,12,99.29%,40%,20%,1099,$26.73,$27.78,$27.71,$27.95,61.57,A,A,B+,B+,A-,B+,6.58,67.20%,55.69%,581.74,9.53%,2.36%
KIE,SPDR S&P Insurance ETF,Equity,"$518,637,000",7.11%,"883,772",$43.55,1.16%,No,False,2.57%,1.80%,15.20%,16.76%,8.42%,"-$26,791,029.75","-$8,426,820.20","$1,828,195.45","-$12,867,634.95","-$142,114,064.70","-$280,623,889.60",Financials Equities,2005-11-08,0.35%,N/A,$0.73,2023-06-20,$0.15,1.69%,9.60,0.86,49,23.76%,40%,20%,1099,$41.38,$43.36,$43.36,$43.66,63.41,A-,A-,A-,A,B,B,4.71,13.75%,19.32%,2.56,0.00%,0.00%
GII,SPDR S&P Global Infrastructure ETF,Equity,"$445,935,000",0.88%,"30,109",$52.10,1.24%,No,False,2.60%,-1.38%,-1.90%,8.01%,4.24%,"-$108,746,285.75","$38,880.70","$38,880.70","-$78,640,023.40","$51,003,116.40","$182,656,264.60",Utilities Equities,2007-01-25,0.40%,Charles Schwab,$1.66,2023-06-01,$0.78,3.22%,16.28,0.81,77,37.59%,40%,20%,1099,$50.60,$52.39,$51.85,$52.23,50.08,B+,B+,A,A,A,C+,7.1,37.25%,75.85%,877.89,30.55%,3.17%
WIP,SPDR FTSE International Government Inflation-Protected Bond ETF,Bond,"$434,876,000",2.25%,"66,084",$40.27,0.07%,No,False,0.37%,-1.07%,2.62%,-3.85%,-0.36%,"-$74,985,200.55",$0.00,"-$20,559,085.50","-$12,984,431.35","$262,121,531.55","$108,893,621.05",Inflation-Protected Bonds,2008-03-13,0.50%,TD Ameritrade,$2.97,2023-09-01,$0.20,7.37%,0.00,0.41,166,12.53%,40%,20%,1099,$39.86,$40.98,$40.17,$40.40,44.10,A-,C,B+,B-,A,A,5.73,71.58%,34.89%,1.6,0.00%,0.00%
XHE,SPDR S&P Health Care Equipment ETF,Equity,"$425,927,000",-8.08%,"71,823",$82.63,-0.12%,No,False,-1.11%,-7.47%,-13.64%,-4.19%,-1.40%,"$90,287,657.03","-$2,096,054.73","-$44,970,784.73","$72,496,853.46","-$80,109,290.28","-$278,633,234.85",Health & Biotech Equities,2011-01-26,0.35%,N/A,$0.02,2022-12-19,$0.01,0.03%,24.64,0.94,74,19.97%,40%,20%,1099,$82.13,$88.28,$82.18,$83.27,33.41,B+,A,A-,B+,C,B+,6.49,49.02%,52.19%,28.11,0.00%,23.54%
XES,SPDR S&P Oil & Gas Equipment & Services ETF,Equity,"$411,289,000",24.82%,"106,002",$99.27,1.64%,No,False,2.80%,4.89%,51.31%,49.12%,-7.83%,"$68,104,430.15","$19,515,480.20","$24,330,833.30","$59,169,080.65","$152,567,123.45","$149,169,248.45",Energy Equities,2006-06-19,0.35%,N/A,$0.36,2023-06-20,$0.14,0.37%,9.31,2.00,32,49.06%,40%,20%,1099,$87.84,$100.74,N/A,N/A,66.48,A-,A-,A,C+,B,B,4.98,4.21%,23.96%,275.56,2.58%,0.41%
GMF,SPDR S&P Emerging Asia Pacific ETF,Equity,"$343,696,000",4.99%,"9,866",$99.97,0.68%,No,False,1.35%,0.28%,3.62%,-0.78%,2.88%,"-$4,790,858.25","-$9,963,523.30","-$9,963,523.30","-$23,307,143.05","-$158,765,047.05","-$147,404,812.45",Asia Pacific Equities,2007-03-19,0.49%,Charles Schwab,$2.60,2023-06-20,$0.86,2.61%,12.99,0.60,1500,32.56%,40%,20%,1099,$96.98,$101.07,$99.68,$100.19,50.98,B,B+,A,A-,C+,A,5.45,18.55%,30.09%,300.72,3.43%,6.75%
XRT,SPDR S&P Retail ETF,Equity,"$329,480,000",5.15%,"4,878,139",$63.04,2.34%,No,False,1.17%,-4.43%,2.08%,10.07%,5.82%,"-$18,581,639.90","$69,283,518.75","$22,677,768.20","-$5,912,306.50","-$238,057,460.00","-$606,724,201.45",Consumer Discretionary Equities,2006-06-19,0.35%,N/A,$1.40,2023-06-20,$0.31,2.28%,10.87,1.31,81,19.09%,40%,20%,1099,$61.16,$65.00,$62.28,$63.45,46.80,A,A-,B-,C+,A-,B+,6.35,61.83%,47.86%,20.95,2.81%,1.75%
XLSR,SPDR SSGA US Sector Rotation ETF,Equity,"$328,375,000",12.56%,"44,484",$43.55,0.83%,No,False,1.18%,0.60%,10.94%,8.79%,N/A,"$75,997,682.43","$3,019,858.49","$13,771,751.36","$87,012,030.09","$224,502,540.51","$295,368,201.89",Large Cap Growth Equities,2019-04-02,0.70%,N/A,$0.69,2023-06-20,$0.12,1.58%,0.05,0.94,10,99.99%,40%,20%,1099,$42.09,$43.99,$43.36,$43.68,53.87,B,C,N/A,A-,B+,N/A,6.63,53.65%,57.68%,106.06,8.21%,5.78%
RWX,SPDR Dow Jones International Real Estate ETF,Real Estate,"$321,537,000",-3.57%,"72,364",$25.14,1.53%,No,False,0.64%,-0.91%,-2.50%,-1.78%,-3.25%,"-$110,976,848.40","-$5,005,327.80","-$5,005,327.80","-$158,494,049.30","-$503,111,912.95","-$2,193,587,457.70",Global Real Estate,2006-12-14,0.59%,TD Ameritrade,$1.33,2023-06-20,$0.46,5.36%,15.81,0.84,133,25.00%,40%,20%,1099,$24.35,$25.42,$24.99,$25.25,49.35,A,B-,B,A+,A-,B+,6.69,93.52%,60.08%,74.46,0.00%,38.02%
XSW,SPDR S&P Software & Services ETF,Equity,"$309,653,000",21.09%,"13,333",$131.47,0.51%,No,False,-1.65%,-0.09%,11.77%,4.76%,7.66%,"$72,862,538.68",$0.00,"$334,885.85","$74,272,888.38","$31,276,079.99","$106,045,274.00",Technology Equities,2011-09-28,0.35%,N/A,$0.26,2023-06-20,$0.10,0.20%,25.97,1.13,149,9.06%,40%,20%,1099,$126.84,$136.64,$131.16,$131.89,47.08,B,A,B-,B,B-,A,6.28,42.96%,46.06%,8.56,0.00%,2.55%
CNRG,SPDR S&P Kensho Clean Power ETF,Equity,"$282,997,000",-8.29%,"15,977",$74.92,2.67%,No,False,2.77%,-3.32%,-24.19%,6.79%,N/A,"-$7,771,433.07","-$4,376,884.43","-$2,942,605.58","$22,062,383.01","$355,625,245.31","$391,150,393.88",Alternative Energy Equities,2018-10-22,0.45%,N/A,$0.77,2023-06-20,$0.17,1.03%,15.92,1.22,52,27.65%,40%,20%,1099,$71.89,$76.70,$74.07,$75.34,44.69,B,A+,A,C+,B+,N/A,6.72,53.42%,61.18%,530.5,9.51%,36.25%
SPEU,SPDR Portfolio Europe ETF,Equity,"$256,938,000",10.59%,"141,225",$37.52,1.19%,No,False,1.19%,-2.32%,20.48%,7.11%,5.55%,"-$44,659,791.40","-$89,320,437.80","-$96,756,759.20","$27,730,835.25","$114,682,461.75","$77,130,932.05",Europe Equities,2002-10-15,0.07%,N/A,$1.14,2023-06-20,$0.69,3.04%,11.94,0.95,2000,22.54%,40%,20%,1099,$36.81,$38.16,$37.31,$37.66,46.40,A-,N/A,A-,A-,B+,N/A,7.79,31.84%,93.76%,100.87,11.71%,7.28%
EDIV,SPDR S&P Emerging Markets Dividend ETF,Equity,"$249,454,000",31.18%,"33,728",$31.00,0.78%,No,False,1.57%,4.06%,31.87%,11.66%,4.65%,"$10,693,258.65","$4,583,622.00","$4,583,622.00","$217,869.05","-$61,471,249.80","-$126,141,554.55",Emerging Markets Equities,2011-02-23,0.49%,Charles Schwab,$1.19,2023-06-20,$0.39,3.88%,6.70,0.66,103,27.10%,40%,20%,1099,$29.81,$31.00,$30.86,$31.11,59.96,B+,B,B-,A,A,B,5.21,1.85%,26.98%,218.21,0.98%,3.97%
VLU,SPDR S&P 1500 Value Tilt ETF,Equity,"$245,829,000",9.58%,"6,384",$151.51,1.11%,No,False,1.71%,-0.42%,11.71%,16.05%,9.50%,"$13,674,008.13",$0.00,$0.00,"$17,605,475.04","$201,595,598.62","$199,226,854.84",Large Cap Blend Equities,2012-10-24,0.12%,N/A,$3.12,2023-06-20,$0.81,2.08%,12.64,1.02,1500,20.73%,40%,20%,1099,$146.88,$151.86,$151.04,$151.83,56.05,B-,A,B,B-,B+,A,6.27,11.37%,45.86%,154.18,9.52%,4.37%
NZAC,SPDR MSCI ACWI Climate Paris Aligned ETF,Equity,"$241,068,000",14.64%,"5,325",$29.72,1.12%,No,False,1.26%,0.41%,13.93%,7.67%,7.67%,"-$8,378,855.70",$0.00,$0.00,"-$8,378,855.70","$174,884,839.60","$80,090,303.80",All Cap Equities,2014-11-25,0.12%,N/A,$0.51,2023-06-01,$0.29,1.71%,17.23,0.94,1000,25.75%,40%,20%,1099,$28.82,$30.10,$29.62,$29.79,51.74,A,A,B-,B,N/A,N/A,6.89,36.71%,67.86%,40.75,5.65%,11.40%
IBND,SPDR Bloomberg International Corporate Bond ETF,Bond,"$237,910,000",1.65%,"89,395",$27.80,-0.39%,No,False,-0.18%,-2.06%,7.02%,-7.37%,-3.08%,"$97,367,450.20","$4,169,293.95","$7,002,767.55","$127,354,720.80","$45,395,600.30","$70,643,743.40",Corporate Bonds,2010-05-19,0.50%,Charles Schwab,$0.46,2023-09-01,$0.06,1.64%,0.00,0.39,1000,3.46%,40%,20%,1099,$27.73,$28.46,$27.72,$27.90,39.45,B-,C,C,C,C,A-,7.25,94.19%,80.86%,68.55,9.20%,3.30%
GAL,SPDR SSgA Global Allocation ETF,Multi-Asset,"$234,500,000",7.54%,"12,331",$39.86,0.73%,No,False,0.86%,-0.35%,8.92%,4.93%,4.46%,"-$10,709,865.98","-$397,734.86","$4,312,179.14","-$5,368,009.87","-$18,208,762.58","-$23,256,275.39",Diversified Portfolio,2012-04-25,0.35%,Charles Schwab,$2.36,2023-06-20,$0.40,5.96%,0.04,0.67,19,82.25%,40%,20%,1099,$39.06,$40.20,$39.77,$39.92,50.57,B+,A,B,B+,B+,A-,6.47,60.23%,51.38%,155.68,6.90%,4.53%
EFAX,SPDR MSCI EAFE Fossil Fuel Free ETF,Equity,"$229,081,000",10.61%,"12,609",$36.89,1.29%,No,False,1.31%,-1.17%,18.60%,5.07%,4.21%,"-$26,534,324.60",$0.00,$0.00,"-$23,062,439.55","$113,152,016.00","$158,660,156.25",Foreign Large Cap Equities,2016-10-24,0.20%,N/A,$1.04,2023-06-01,$0.71,2.81%,13.41,0.87,1000,18.06%,40%,20%,1099,$35.94,$37.21,$36.74,$36.96,49.48,C+,A,A-,B+,B-,N/A,7.74,75.34%,93.07%,78.22,10.84%,8.05%
KCE,SPDR S&P Capital Markets ETF,Equity,"$224,171,000",16.22%,"27,297",$90.69,1.14%,No,False,2.14%,1.81%,15.17%,18.95%,12.16%,"$105,542,091.12",$0.00,"$78,170,784.30","$105,593,592.22","$210,332,401.92","$122,288,939.91",Financials Equities,2005-11-08,0.35%,N/A,$1.77,2023-06-20,$0.41,1.98%,12.95,1.17,65,19.33%,40%,20%,1099,$85.94,$91.38,$90.32,$90.94,59.08,B,A-,A-,C+,B+,B-,4.98,17.19%,23.97%,2.94,0.00%,0.01%
WDIV,SPDR S&P Global Dividend ETF,Equity,"$223,135,000",1.31%,"12,906",$57.96,1.47%,No,False,1.97%,0.07%,2.66%,6.83%,1.56%,"-$13,327,811.55",$0.00,$0.00,"-$8,401,444.37","$5,454,625.34","$84,472,810.02",Global Equities,2013-05-29,0.40%,Charles Schwab,$2.86,2023-06-20,$1.11,5.00%,10.84,0.80,93,16.59%,40%,20%,1099,$55.67,$58.27,$57.72,$58.09,54.49,B+,A-,B+,A,A,B,6.78,8.02%,63.61%,297.5,7.39%,7.85%
XTN,SPDR S&P Transportation ETF,Equity,"$215,247,000",17.02%,"26,656",$78.34,1.12%,No,False,0.54%,-5.89%,8.33%,9.97%,3.83%,"-$228,062,408.12","-$4,662,085.56","-$17,428,863.55","-$259,634,197.72","-$84,773,058.18","-$11,233,176.70",Transportation Equities,2011-01-26,0.35%,N/A,$0.60,2023-06-20,$0.12,0.78%,11.97,1.33,47,28.51%,40%,20%,1099,$77.20,$81.50,$78.06,$78.48,41.71,A-,A+,A+,A-,A-,A+,6.44,51.90%,50.49%,480.57,0.00%,0.05%
XPH,SPDR S&P Pharmaceuticals ETF,Equity,"$211,914,000",5.34%,"37,098",$42.89,0.23%,No,False,0.00%,-1.72%,0.62%,0.85%,-1.66%,"-$731,388.75","-$4,348,077.75","-$17,152,530.65","-$8,848,005.60","-$8,876,139.75","-$136,824,342.65",Health & Biotech Equities,2006-06-19,0.35%,N/A,$0.56,2023-06-20,$0.12,1.32%,10.54,0.84,39,50.96%,40%,20%,1099,$42.48,$44.06,N/A,N/A,49.73,A-,A-,B-,B+,B+,C+,6.27,42.75%,45.80%,41.4,0.00%,22.47%
SHE,SPDR MSCI USA Gender Diversity ETF,Equity,"$206,640,000",14.60%,"5,252",$89.59,0.74%,No,False,0.87%,0.48%,13.42%,7.27%,5.76%,"-$20,986,183.81",$0.00,"-$4,669.52","-$25,795,851.37","$64,403,219.31","-$145,084,457.27",Large Cap Growth Equities,2016-03-07,0.20%,N/A,$1.32,2023-06-16,$0.35,1.49%,17.32,1.01,245,36.33%,40%,20%,1099,$86.68,$90.17,$89.29,$89.75,55.94,C+,B+,C,B-,B,B,6.58,41.41%,55.49%,113.67,9.20%,5.18%
EMHC,SPDR Bloomberg Emerging Markets USD Bond ETF,Bond,"$198,411,000",2.66%,"3,483",$23.16,0.04%,No,False,0.04%,-1.00%,4.95%,N/A,N/A,"$92,309,683.50",$0.00,$0.00,"$92,309,683.50","$85,715,987.50","$85,715,987.50",Emerging Markets Bonds,2021-04-06,0.23%,N/A,$1.21,2023-09-01,$0.11,5.25%,0.00,0.54,0,0.00%,40%,20%,1099,$22.87,$23.43,$23.14,$23.21,46.82,C,A,N/A,N/A,A,N/A,3.93,22.35%,5.56%,744.84,0.46%,0.20%
SMLV,SPDR SSGA US Small Cap Low Volatility Index ETF,Equity,"$186,172,000",-2.65%,"3,362",$103.34,1.59%,No,False,1.07%,-4.27%,-0.09%,12.84%,3.67%,"-$4,075,224.18","-$1,017,333.58","-$1,017,333.58","$2,842,843.53","-$78,356,567.21","-$5,899,535.27",Volatility Hedged Equity,2013-02-20,0.12%,N/A,$2.95,2023-06-16,$0.64,2.90%,13.14,0.98,438,6.78%,40%,20%,1099,$101.43,$106.09,$103.09,$103.46,45.50,B,A+,B-,C+,B+,C,4.95,3.80%,23.55%,114.76,2.29%,7.93%
FISR,SPDR SSGA Fixed Income Sector Rotation ETF,Bond,"$174,914,000",0.33%,"53,508",$25.16,-0.12%,No,False,0.02%,-0.36%,-1.38%,-5.51%,N/A,"$35,602,285.84","$3,021,631.82","$4,526,690.12","$47,851,195.47","$145,104,765.93","$198,975,295.36",Total Bond Market,2019-04-02,0.50%,N/A,$0.75,2023-09-01,$0.07,3.00%,0.00,0.19,8,100.00%,40%,20%,1099,$24.96,$25.39,$25.12,$25.21,44.80,B,C+,N/A,C,A-,N/A,5.95,52.71%,38.66%,264.16,2.23%,0.82%
BWZ,SPDR Bloomberg Short Term International Treasury Bond ETF,Bond,"$170,271,000",-2.57%,"31,481",$26.11,-0.27%,No,False,-0.04%,-1.55%,2.96%,-5.45%,-2.87%,"$29,746,858.80","-$15,699,454.20","-$15,699,454.20","$29,746,858.80","-$38,759,111.20","-$62,046,490.20",International Government Bonds,2009-01-15,0.35%,Charles Schwab,$0.34,2023-09-01,$0.04,1.29%,0.00,0.18,214,16.05%,40%,20%,1099,$26.05,$26.58,$26.05,$26.17,39.04,A-,B,B,A,C,A,6.05,44.42%,40.65%,1.6,0.00%,0.00%
DGT,SPDR Global Dow ETF,Equity,"$160,893,000",14.90%,"7,336",$114.42,1.34%,No,False,2.07%,0.27%,21.63%,13.97%,9.14%,"$43,683,604.15",$0.00,$0.00,"$43,811,464.68","$48,007,399.26","$40,269,246.11",Large Cap Blend Equities,2000-09-25,0.50%,N/A,$2.99,2023-06-20,$1.25,2.65%,11.04,0.92,155,11.02%,40%,20%,1099,$110.39,$114.73,$114.04,$114.66,56.01,B-,B,A,B-,B+,B,6.9,37.56%,68.13%,161.86,13.24%,4.08%
ONEO,SPDR Russell 1000 Momentum Focus ETF,Equity,"$151,555,000",7.14%,880,$97.52,1.03%,No,False,0.26%,-1.27%,9.75%,12.16%,6.67%,"-$156,431,994.24",$0.00,$0.00,"-$154,697,819.12","-$252,650,542.50","-$536,571,056.77",All Cap Equities,2015-12-02,0.20%,N/A,$1.78,2023-06-20,$0.47,1.85%,12.05,1.07,1000,8.61%,40%,20%,1099,$95.38,$99.16,$97.29,$97.64,49.05,C+,A-,B+,B,B,N/A,6.57,92.06%,54.93%,160.5,5.04%,5.15%
HYBL,SPDR Blackstone High Income ETF,Bond,"$126,105,000",N/A,N/A,N/A,0.00%,No,False,N/A,N/A,N/A,N/A,N/A,"$6,777,956.85",$0.00,$0.00,"$6,791,979.00","$8,291,401.10","$8,291,401.10",High Yield Bonds,2022-02-16,0.70%,N/A,N/A,N/A,N/A,N/A,N/A,N/A,480,11.54%,40%,20%,1099,N/A,N/A,N/A,N/A,"",N/A,C,N/A,N/A,N/A,N/A,0.0,N/A,N/A,N/A,N/A,N/A
STOT,SPDR DoubleLine Short Duration Total Return Tactical ETF,Bond,"$123,236,000",3.69%,"13,609",$46.42,0.00%,No,False,0.23%,0.34%,3.95%,0.19%,1.46%,"-$4,659,393.20","-$1,161,711.07","-$4,643,390.99","-$6,963,911.90","-$9,332,507.33","$43,713,442.75",Total Bond Market,2016-04-13,0.45%,N/A,$1.92,2023-09-01,$0.18,4.13%,0.00,0.07,274,40.44%,40%,20%,1099,$46.19,$46.48,$46.42,$46.43,61.87,B,B-,N/A,A,B,N/A,0.0,N/A,N/A,N/A,N/A,N/A
NZUS,SPDR MSCI USA Climate Paris Aligned ETF,Equity,"$102,413,000",20.23%,348,$25.30,0.72%,No,False,0.70%,1.35%,15.33%,N/A,N/A,$0.00,$0.00,$0.00,$0.00,"-$52,032,491.36","-$52,032,491.36",Alternative Energy Equities,2022-04-21,0.10%,N/A,$0.29,2023-09-01,$0.06,1.15%,21.56,-1.10,271,33.79%,40%,20%,1099,$24.41,$25.71,$25.21,$25.34,53.52,C,A,B+,B-,A-,N/A,6.71,64.60%,60.96%,32.34,4.73%,12.56%
XHS,SPDR S&P Health Care Services ETF,Equity,"$100,215,000",0.31%,"8,194",$84.98,0.09%,No,False,-1.70%,-7.75%,-10.22%,4.54%,3.07%,"-$11,805,466.61","-$4,306,010.30","-$4,307,288.15","-$17,109,708.89","$1,197,534.54","$3,063,925.13",Health & Biotech Equities,2011-09-28,0.35%,N/A,$0.18,2023-06-20,$0.05,0.22%,15.31,1.02,62,22.38%,40%,20%,1099,$84.63,$91.12,$84.72,$85.33,30.67,C+,A-,A,B,B-,B,6.93,72.16%,69.15%,21.81,0.00%,0.28%
XITK,SPDR FactSet Innovative Technology ETF,Equity,"$96,708,800",29.16%,"4,870",$129.45,0.43%,No,False,-2.51%,0.90%,15.45%,-6.21%,4.61%,"-$27,155,272.51","-$1,304,975.60","-$1,245,431.75","-$29,888,651.16","-$102,812,299.75","$16,414,335.52",All Cap Equities,2016-01-13,0.45%,N/A,$0.06,2023-06-20,$0.01,0.04%,26.37,1.14,101,20.74%,40%,20%,1099,$122.81,$137.21,N/A,N/A,46.87,B+,B,A,C,C,N/A,5.09,20.73%,25.42%,14.05,0.00%,3.28%
QWLD,SPDR MSCI World StrategicFactors ETF,Equity,"$88,523,000",13.53%,"2,028",$105.45,0.96%,No,False,1.43%,0.60%,16.70%,9.99%,8.50%,"$12,691,932.34",$0.00,"$2,565,829.02","$15,109,490.72","$34,529,981.42","$45,179,038.22",Large Cap Growth Equities,2014-06-04,0.30%,N/A,$1.92,2023-06-01,$1.02,1.84%,15.15,0.85,1500,19.27%,40%,20%,1099,$102.38,$105.90,$105.40,$105.54,56.12,C,B,B,A,A,A,7.07,51.39%,74.53%,137.41,6.85%,7.63%
MMTM,SPDR S&P 1500 Momentum Tilt ETF,Equity,"$80,301,700",13.45%,"1,472",$188.16,0.81%,No,False,0.71%,1.65%,13.59%,10.36%,9.57%,"-$1,819,985.63",$0.00,$0.00,"-$99,332.76","-$8,974,022.57","$24,221,183.31",Large Cap Growth Equities,2012-10-24,0.12%,N/A,$2.95,2023-06-20,$0.66,1.58%,15.72,0.96,1500,54.14%,40%,20%,1099,$181.65,$191.28,$187.79,$188.35,54.30,C,A-,B-,B+,B,A,6.52,30.68%,53.17%,85.41,7.07%,8.33%
EMTL,SPDR DoubleLine Emerging Markets Fixed Income ETF,Bond,"$78,926,900",4.14%,"7,075",$40.57,0.02%,No,False,0.00%,-0.46%,4.20%,-2.49%,0.79%,"$11,278,560.56",$0.00,$0.00,"$12,078,425.24","$15,226,992.64","$42,195,616.15",Emerging Markets Bonds,2016-04-13,0.65%,N/A,$1.91,2023-09-01,$0.18,4.71%,0.00,0.33,133,20.53%,40%,20%,1099,$40.26,$40.80,$40.55,$40.60,49.83,B,C,B+,A-,C+,N/A,5.39,92.40%,29.30%,742.25,1.62%,2.25%
EEMX,SPDR MSCI Emerging Markets Fossil Fuel Free ETF,Equity,"$77,257,900",5.32%,"6,889",$30.01,0.74%,No,False,1.71%,-0.47%,4.17%,-1.02%,1.79%,"-$17,478,470.70",$0.00,$0.00,"-$17,478,470.70","$843,428.20","$66,310,496.30",Asia Pacific Equities,2016-10-24,0.30%,N/A,$0.71,2023-06-01,$0.20,2.37%,12.14,0.71,1000,32.47%,40%,20%,1099,$29.17,$30.42,$29.96,$30.07,48.97,C+,A-,A-,B+,B,N/A,5.7,38.01%,33.73%,241.1,3.56%,6.84%
INKM,SPDR SSgA Income Allocation ETF,Multi-Asset,"$71,313,800",4.39%,"4,756",$30.12,0.57%,No,False,0.81%,-0.37%,3.43%,2.80%,2.70%,"-$16,807,797.49",$0.00,$0.00,"-$18,460,140.17","-$19,606,188.39","-$5,930,792.25",Global Equities,2012-04-25,0.50%,Charles Schwab,$1.54,2023-06-20,$0.42,5.13%,0.05,0.57,14,89.34%,40%,20%,1099,$29.54,$30.33,$30.10,$30.14,50.89,B+,B+,A-,A,A,B+,5.93,17.57%,38.20%,332.27,6.71%,3.72%
XTL,SPDR S&P Telecom ETF,Equity,"$58,408,600",-8.79%,"8,527",$74.10,1.55%,No,False,-0.13%,-2.17%,-11.00%,3.50%,0.40%,"-$2,015,197.59",$0.00,"$1,901,540.80","$8,614,928.63","$12,631,158.64","-$102,094,228.60",Communications Equities,2011-01-26,0.35%,N/A,$0.55,2023-06-20,$0.18,0.75%,14.61,1.01,40,43.25%,40%,20%,1099,$71.66,$77.29,$73.86,$74.31,48.43,C+,A,A,B+,A,B+,6.17,66.67%,43.72%,28.69,2.22%,1.63%
HAIL,SPDR S&P Kensho Smart Mobility ETF,Equity,"$48,212,500",9.54%,"5,619",$31.99,2.20%,No,False,1.53%,-4.92%,-12.98%,-3.24%,2.50%,"-$12,041,639.78",$0.00,"-$969,796.23","-$18,949,789.24","$102,030,148.11","$106,306,639.72",Global Equities,2017-12-26,0.45%,N/A,$0.71,2023-06-20,$0.17,2.23%,13.16,1.55,83,21.22%,40%,20%,1099,$31.00,$32.93,$31.52,$32.22,44.31,B-,A-,B-,C,B,N/A,6.63,17.25%,57.89%,75.84,4.18%,25.15%
QEMM,SPDR MSCI Emerging Markets StrategicFactors ETF,Equity,"$46,674,800",6.51%,"3,034",$55.63,0.61%,No,False,1.57%,1.06%,7.04%,2.90%,2.33%,"$4,099,187.55",$0.00,"$2,753,786.07","$4,099,187.55","-$115,176,098.89","-$218,582,148.00",Emerging Markets Equities,2014-06-04,0.30%,Charles Schwab,$2.81,2023-06-01,$1.23,5.12%,10.37,0.66,1000,19.17%,40%,20%,1099,$53.94,$56.01,$55.61,$55.65,52.66,C+,A-,C+,A,B,A,5.35,12.67%,28.86%,262.01,4.72%,5.97%
MBND,SPDR Nuveen Municipal Bond ETF,Bond,"$43,767,500",0.89%,"3,867",$26.49,-0.23%,No,False,0.00%,-0.56%,1.78%,N/A,N/A,"$4,022,937.80","$1,325,908.70","$1,325,908.70","$6,616,027.95","$18,181,407.05","$18,181,407.05",Government Bonds,2021-02-03,0.40%,N/A,$0.69,2023-09-01,$0.04,2.59%,0.00,0.22,96,24.12%,40%,20%,1099,$26.44,$26.59,$26.47,$26.52,43.06,C,C,B+,B+,A,N/A,0.0,N/A,N/A,N/A,N/A,N/A
MBNE,SPDR Nuveen Municipal Bond ESG ETF,Bond,"$36,144,100",0.93%,"1,169",$28.89,-0.07%,No,False,-0.19%,-0.63%,1.60%,N/A,N/A,"$1,493,043.65",$0.00,$0.00,"$4,356,961.85","$34,320,873.65","$34,320,873.65",National Munis,2022-04-04,0.43%,N/A,$0.90,2023-09-01,$0.08,3.10%,0.00,0.21,94,21.43%,40%,20%,1099,$28.82,$29.02,$28.89,$28.89,41.03,N/A,A-,N/A,N/A,N/A,N/A,0.0,N/A,N/A,N/A,N/A,N/A
OBND,SPDR Loomis Sayles Opportunistic Bond ETF,Bond,"$34,137,200",3.65%,"4,731",$25.33,0.00%,No,False,0.34%,0.31%,2.87%,N/A,N/A,"$1,293,701.80","$5,052,964.20","$5,052,964.20","$6,265,164.30","$10,649,807.65","$10,649,807.65",Total Bond Market,2021-09-27,0.55%,N/A,$1.47,2023-09-01,$0.13,5.80%,0.00,0.35,431,24.02%,40%,20%,1099,$25.06,$25.43,$25.32,$25.35,53.59,C,C+,N/A,B+,C,N/A,0.0,N/A,N/A,N/A,N/A,N/A
FITE,SPDR S&P Kensho Future Security ETF,Equity,"$33,046,300",12.44%,"5,048",$48.31,0.86%,No,False,-0.29%,0.29%,4.04%,10.14%,7.04%,"$2,837,379.43",$0.00,"$3,826,501.45","-$284,511.18","$11,202,053.12","$19,840,086.01",Technology Equities,2017-12-26,0.45%,N/A,$0.04,2023-06-20,$0.02,0.08%,23.60,0.98,63,20.85%,40%,20%,1099,$46.84,$49.75,$48.22,$48.36,49.74,C+,B+,A-,A,A,N/A,6.49,50.27%,52.17%,18.16,32.86%,1.80%
LQIG,SPDR MarketAxess Investment Grade 400 Corporate Bond ETF,Bond,"$27,771,500",2.30%,233,$92.59,-0.10%,No,False,-0.03%,-0.01%,1.62%,N/A,N/A,"$4,783,838.90",$0.00,$0.00,"-$73,430,308.15","-$68,463,873.65","-$68,463,873.65",Corporate Bonds,2022-05-11,0.09%,N/A,$5.55,2023-09-01,$0.39,5.99%,0.00,-0.55,357,8.98%,40%,20%,1099,$91.36,$93.72,$92.57,$92.63,47.30,N/A,N/A,N/A,N/A,N/A,N/A,6.43,43.11%,50.11%,111.0,15.80%,2.53%
XWEB,SPDR S&P Internet ETF,Equity,"$21,905,700",22.13%,870,$76.02,0.72%,No,False,-2.08%,-0.75%,-3.95%,-12.28%,-4.58%,"-$2,760,811.36",$0.00,$0.00,"-$2,884,034.34","-$5,251,223.47","-$27,506,804.09",All Cap Equities,2016-06-27,0.35%,N/A,$0.00,2021-12-20,$0.09,0.00%,26.54,1.39,33,41.63%,40%,20%,1099,$72.52,$78.94,N/A,N/A,47.25,C+,B+,A,C,C+,N/A,4.54,17.08%,13.21%,9.52,0.00%,1.36%
SIMS,SPDR S&P Kensho Intelligent Structures ETF,Equity,"$21,648,800",4.32%,"1,233",$33.75,1.38%,No,False,0.39%,-4.15%,-7.64%,3.28%,2.71%,"-$3,362,865.67",$0.00,$0.00,"-$9,476,130.36","$23,260,381.30","$24,546,830.43",Global Equities,2017-12-26,0.45%,N/A,$0.55,2023-06-20,$0.18,1.62%,16.96,1.29,49,29.33%,40%,20%,1099,$33.06,$34.92,$33.62,$33.83,42.47,B-,A-,B-,C+,B+,N/A,6.96,28.24%,70.59%,157.11,5.38%,24.82%
ROKT,SPDR S&P Kensho Final Frontiers ETF,Equity,"$16,564,900",4.07%,686,$40.85,1.06%,No,False,-1.42%,-4.90%,9.70%,10.27%,N/A,"-$1,628,160.96",$0.00,$0.00,"-$2,361,586.01","$4,970,478.88","$11,686,965.24",Industrials Equities,2018-10-22,0.45%,N/A,$0.21,2023-06-20,$0.05,0.51%,22.18,1.05,33,43.46%,40%,20%,1099,$40.39,$42.79,$40.77,$40.89,39.58,C,B+,N/A,A-,B-,N/A,6.56,46.58%,54.75%,38.29,51.55%,0.83%
ESIX,SPDR S&P SmallCap 600 ESG ETF,Equity,"$3,895,010",5.18%,745,$26.36,1.54%,No,False,0.71%,-3.03%,5.59%,N/A,N/A,"$1,264,443.50",$0.00,$0.00,"$1,264,443.50","$1,264,443.50","$1,264,443.50",Small Cap Blend Equities,2022-01-10,0.12%,N/A,$0.44,2023-06-20,$0.13,1.59%,12.44,0.99,397,9.09%,40%,20%,1099,$25.74,$27.06,$26.36,$26.36,47.03,C+,A,C+,C+,A-,N/A,5.64,37.57%,32.87%,90.86,1.01%,7.70%
SPDG,SPDR Portfolio S&P Sector Neutral Dividend ETF,Equity,"$2,998,500",N/A,N/A,$30.33,1.13%,No,False,N/A,1.04%,N/A,N/A,N/A,$0.00,$0.00,$0.00,$0.00,$0.00,$0.00,N/A,2023-09-11,0.05%,N/A,$0.00,N/A,N/A,0.00%,N/A,N/A,N/A,N/A,40%,20%,1099,N/A,N/A,$30.21,$30.40,"",N/A,A,N/A,N/A,N/A,N/A,0.0,N/A,N/A,N/A,N/A,N/A
